date,nino34_sst,nino3_sst,heat,nino34,nino3,east_gradient,month,year
1979-01-01,26.41,25.34,0.49,-0.1423333333333332,-0.326666666666668,-0.1843333333333348,1,1979
1979-02-01,26.53,26.12,0.85,-0.211666666666666,-0.288333333333334,-0.07666666666666799,2,1979
1979-03-01,27.27,27.15,0.36,0.03533333333333388,-0.008000000000002672,-0.043333333333336554,3,1979
1979-04-01,27.83,27.65,-0.09,0.12033333333333118,0.16900000000000048,0.0486666666666693,4,1979
1979-05-01,27.69,27.2,0.12,-0.12199999999999989,0.04199999999999804,0.16399999999999793,5,1979
1979-06-01,27.43,26.47,0.25,-0.16100000000000136,-0.03166666666666629,0.12933333333333508,6,1979
1979-07-01,26.82,25.49,0.09,-0.358666666666668,-0.19933333333333536,0.15933333333333266,7,1979
1979-08-01,26.75,25.25,0.34,-0.08399999999999963,0.14999999999999858,0.2339999999999982,8,1979
1979-09-01,26.99,25.48,0.79,0.26266666666666794,0.549000000000003,0.2863333333333351,9,1979
1979-10-01,26.83,25.42,0.65,0.15699999999999648,0.4673333333333325,0.310333333333336,10,1979
1979-11-01,26.99,25.5,0.81,0.36233333333333206,0.4643333333333324,0.10200000000000031,11,1979
1979-12-01,27.11,25.66,0.9,0.5489999999999995,0.45899999999999963,-0.08999999999999986,12,1979
1980-01-01,27.08,26.04,0.8,0.527666666666665,0.3733333333333313,-0.15433333333333366,1,1980
1980-02-01,26.97,26.44,0.56,0.22833333333333172,0.03166666666666629,-0.19666666666666544,2,1980
1980-03-01,27.31,27.03,0.5,0.07533333333333303,-0.1280000000000001,-0.20333333333333314,3,1980
1980-04-01,27.75,27.38,0.64,0.04033333333333289,-0.10099999999999909,-0.14133333333333198,4,1980
1980-05-01,28.01,27.1,0.8,0.1980000000000004,-0.05799999999999983,-0.2560000000000002,5,1980
1980-06-01,27.94,26.7,0.95,0.3490000000000002,0.19833333333333414,-0.15066666666666606,6,1980
1980-07-01,27.23,25.57,0.22,0.05133333333333212,-0.11933333333333351,-0.17066666666666563,7,1980
1980-08-01,26.48,24.78,0.07,-0.3539999999999992,-0.3200000000000003,0.03399999999999892,8,1980
1980-09-01,26.44,24.72,-0.11,-0.2873333333333292,-0.21099999999999852,0.0763333333333307,9,1980
1980-10-01,26.46,24.56,0.05,-0.21300000000000097,-0.3926666666666705,-0.17966666666666953,10,1980
1980-11-01,26.6,25.0,0.37,-0.027666666666664952,-0.035666666666667624,-0.008000000000002672,11,1980
1980-12-01,26.65,25.23,0.46,0.08899999999999864,0.028999999999999915,-0.05999999999999872,12,1980
1981-01-01,26.18,24.95,0.26,-0.3723333333333336,-0.7166666666666686,-0.34433333333333493,1,1981
1981-02-01,26.11,25.52,0.21,-0.6316666666666677,-0.8883333333333354,-0.2566666666666677,2,1981
1981-03-01,26.64,26.61,0.73,-0.5946666666666651,-0.5480000000000018,0.0466666666666633,3,1981
1981-04-01,27.29,27.06,0.63,-0.41966666666666796,-0.4209999999999994,-0.0013333333333314101,4,1981
1981-05-01,27.36,26.71,0.26,-0.45200000000000173,-0.4480000000000004,0.004000000000001336,5,1981
1981-06-01,27.27,26.19,-0.19,-0.3210000000000015,-0.31166666666666387,0.009333333333337634,6,1981
1981-07-01,26.65,25.21,-0.51,-0.5286666666666697,-0.47933333333333294,0.04933333333333678,7,1981
1981-08-01,26.33,24.38,-0.5,-0.5040000000000013,-0.7200000000000024,-0.21600000000000108,8,1981
1981-09-01,26.53,24.67,0.05,-0.19733333333332936,-0.2609999999999957,-0.06366666666666632,9,1981
1981-10-01,26.42,24.8,0.2,-0.2530000000000001,-0.1526666666666685,0.10033333333333161,10,1981
1981-11-01,26.29,24.7,-0.02,-0.3376666666666672,-0.33566666666666833,0.0019999999999988916,11,1981
1981-12-01,26.4,25.17,-0.1,-0.16100000000000136,-0.030999999999998806,0.13000000000000256,12,1981
1982-01-01,26.67,25.86,0.22,0.11766666666666836,0.19333333333333158,0.07566666666666322,1,1982
1982-02-01,26.59,26.4,0.53,-0.15166666666666728,-0.008333333333336412,0.14333333333333087,2,1982
1982-03-01,27.41,27.11,0.78,0.17533333333333445,-0.04800000000000182,-0.22333333333333627,3,1982
1982-04-01,28.03,27.57,0.79,0.320333333333334,0.08900000000000219,-0.23133333333333184,4,1982
1982-05-01,28.39,27.64,0.9,0.5779999999999994,0.4819999999999993,-0.09600000000000009,5,1982
1982-06-01,28.26,27.16,0.89,0.6690000000000005,0.658333333333335,-0.010666666666665492,6,1982
1982-07-01,27.66,26.22,0.95,0.48133333333333184,0.5306666666666651,0.04933333333333323,7,1982
1982-08-01,27.58,26.06,1.28,0.7459999999999987,0.9599999999999973,0.21399999999999864,8,1982
1982-09-01,28.21,26.79,1.53,1.4826666666666704,1.8590000000000018,0.3763333333333314,9,1982
1982-10-01,28.71,27.28,1.83,2.036999999999999,2.327333333333332,0.2903333333333329,10,1982
1982-11-01,28.62,27.5,1.74,1.9923333333333346,2.4643333333333324,0.47199999999999775,11,1982
1982-12-01,28.8,28.08,1.26,2.2390000000000008,2.878999999999998,0.639999999999997,12,1982
1983-01-01,28.89,28.66,0.15,2.3376666666666672,2.9933333333333323,0.6556666666666651,1,1983
1983-02-01,28.69,28.71,-0.56,1.9483333333333341,2.301666666666666,0.3533333333333317,2,1983
1983-03-01,28.66,28.89,-0.83,1.4253333333333345,1.7319999999999993,0.30666666666666487,3,1983
1983-04-01,28.77,29.13,0.15,1.0603333333333325,1.649000000000001,0.5886666666666684,4,1983
1983-05-01,28.84,28.98,-0.12,1.0279999999999987,1.8219999999999992,0.7940000000000005,5,1983
1983-06-01,28.27,28.14,-0.69,0.6789999999999985,1.6383333333333354,0.9593333333333369,6,1983
1983-07-01,27.18,26.61,-1.06,0.0013333333333314101,0.9206666666666656,0.9193333333333342,7,1983
1983-08-01,26.59,25.77,-1.29,-0.24399999999999977,0.6699999999999982,0.9139999999999979,8,1983
1983-09-01,26.2,25.03,-1.73,-0.5273333333333312,0.09900000000000375,0.626333333333335,9,1983
1983-10-01,25.56,24.37,-1.83,-1.113000000000003,-0.5826666666666682,0.5303333333333349,10,1983
1983-11-01,25.41,24.07,-1.54,-1.2176666666666662,-0.9656666666666673,0.2519999999999989,11,1983
1983-12-01,25.57,24.39,-1.13,-0.9909999999999997,-0.8109999999999999,0.17999999999999972,12,1983
1984-01-01,25.88,25.08,-0.86,-0.6723333333333343,-0.5866666666666696,0.08566666666666478,1,1984
1984-02-01,26.56,26.26,-0.82,-0.18166666666666842,-0.14833333333333343,0.03333333333333499,2,1984
1984-03-01,26.77,26.97,-0.71,-0.4646666666666661,-0.1880000000000024,0.27666666666666373,3,1984
1984-04-01,27.14,27.09,-0.63,-0.5696666666666665,-0.39099999999999824,0.1786666666666683,4,1984
1984-05-01,27.2,26.32,-0.9,-0.6120000000000019,-0.838000000000001,-0.2259999999999991,5,1984
1984-06-01,26.83,25.45,-0.9,-0.7610000000000028,-1.0516666666666659,-0.2906666666666631,6,1984
1984-07-01,26.79,25.03,-0.24,-0.38866666666666916,-0.6593333333333327,-0.2706666666666635,7,1984
1984-08-01,26.61,24.71,-0.21,-0.2240000000000002,-0.39000000000000057,-0.16600000000000037,8,1984
1984-09-01,26.38,24.56,-0.29,-0.3473333333333315,-0.37099999999999866,-0.02366666666666717,9,1984
1984-10-01,26.04,24.31,-0.75,-0.6330000000000027,-0.6426666666666705,-0.009666666666667822,10,1984
1984-11-01,25.52,24.11,-0.5,-1.1076666666666668,-0.9256666666666682,0.1819999999999986,11,1984
1984-12-01,25.25,23.96,-0.31,-1.311,-1.2409999999999997,0.07000000000000028,12,1984
1985-01-01,25.38,24.4,-0.09,-1.1723333333333343,-1.2666666666666693,-0.09433333333333493,1,1985
1985-02-01,26.03,25.5,-0.31,-0.711666666666666,-0.908333333333335,-0.196666666666669,2,1985
1985-03-01,26.5,26.42,-0.5,-0.7346666666666657,-0.7379999999999995,-0.0033333333333338544,3,1985
1985-04-01,26.64,26.53,-0.19,-1.0696666666666665,-0.950999999999997,0.11866666666666958,4,1985
1985-05-01,26.9,26.19,0.07,-0.9120000000000026,-0.968,-0.055999999999997385,5,1985
1985-06-01,26.81,25.6,0.03,-0.7810000000000024,-0.9016666666666637,-0.12066666666666137,6,1985
1985-07-01,26.56,24.71,-0.03,-0.6186666666666696,-0.979333333333333,-0.36066666666666336,7,1985
1985-08-01,26.3,24.24,0.12,-0.5339999999999989,-0.860000000000003,-0.32600000000000406,8,1985
1985-09-01,26.02,24.04,-0.07,-0.7073333333333309,-0.8909999999999982,-0.1836666666666673,9,1985
1985-10-01,26.23,24.18,-0.16,-0.4430000000000014,-0.7726666666666695,-0.3296666666666681,10,1985
1985-11-01,26.33,24.4,0.05,-0.2976666666666681,-0.635666666666669,-0.33800000000000097,11,1985
1985-12-01,26.19,24.5,0.16,-0.37099999999999866,-0.7010000000000005,-0.33000000000000185,12,1985
1986-01-01,25.89,24.86,0.19,-0.6623333333333328,-0.8066666666666684,-0.14433333333333564,1,1986
1986-02-01,26.05,25.88,0.42,-0.6916666666666664,-0.528333333333336,0.16333333333333044,2,1986
1986-03-01,26.87,26.83,0.34,-0.3646666666666647,-0.32800000000000296,0.03666666666666174,3,1986
1986-04-01,27.49,27.2,0.01,-0.21966666666666868,-0.2809999999999988,-0.06133333333333013,4,1986
1986-05-01,27.4,26.65,0.35,-0.4120000000000026,-0.5080000000000027,-0.09600000000000009,5,1986
1986-06-01,27.42,26.17,0.61,-0.17099999999999937,-0.33166666666666345,-0.16066666666666407,6,1986
1986-07-01,27.18,25.67,0.49,0.0013333333333314101,-0.019333333333332092,-0.020666666666663502,7,1986
1986-08-01,27.17,25.29,0.38,0.3360000000000021,0.18999999999999773,-0.14600000000000435,8,1986
1986-09-01,27.24,25.2,0.56,0.5126666666666679,0.2690000000000019,-0.24366666666666603,9,1986
1986-10-01,27.53,25.51,0.81,0.8569999999999993,0.5573333333333323,-0.29966666666666697,10,1986
1986-11-01,27.71,25.88,0.53,1.0823333333333345,0.8443333333333314,-0.2380000000000031,11,1986
1986-12-01,27.72,26.15,0.77,1.158999999999999,0.9489999999999981,-0.21000000000000085,12,1986
1987-01-01,27.68,26.68,0.93,1.1276666666666664,1.0133333333333319,-0.11433333333333451,1,1987
1987-02-01,27.88,27.55,0.37,1.1383333333333319,1.1416666666666657,0.0033333333333338544,2,1987
1987-03-01,28.27,28.2,0.49,1.0353333333333339,1.041999999999998,0.006666666666664156,3,1987
1987-04-01,28.39,28.35,0.26,0.6803333333333335,0.8690000000000033,0.18866666666666987,4,1987
1987-05-01,28.56,28.14,0.42,0.7479999999999976,0.9819999999999993,0.23400000000000176,5,1987
1987-06-01,28.65,27.48,0.17,1.0589999999999975,0.9783333333333353,-0.08066666666666222,6,1987
1987-07-01,28.59,26.92,-0.25,1.4113333333333316,1.230666666666668,-0.18066666666666364,7,1987
1987-08-01,28.42,26.57,-0.05,1.586000000000002,1.4699999999999989,-0.11600000000000321,8,1987
1987-09-01,28.36,26.56,-0.29,1.632666666666669,1.6290000000000013,-0.003666666666667595,9,1987
1987-10-01,27.96,26.14,-0.23,1.286999999999999,1.1873333333333314,-0.09966666666666768,10,1987
1987-11-01,27.77,26.09,-0.4,1.1423333333333332,1.0543333333333322,-0.08800000000000097,11,1987
1987-12-01,27.54,26.23,-0.54,0.9789999999999992,1.029,0.05000000000000071,12,1987
1988-01-01,27.45,26.34,-0.46,0.897666666666666,0.673333333333332,-0.22433333333333394,1,1988
1988-02-01,27.03,26.4,-0.86,0.288333333333334,-0.008333333333336412,-0.2966666666666704,2,1988
1988-03-01,27.38,27.06,-1.1,0.14533333333333331,-0.09800000000000253,-0.24333333333333584,3,1988
1988-04-01,27.38,26.93,-1.43,-0.3296666666666681,-0.5509999999999984,-0.22133333333333027,4,1988
1988-05-01,26.68,25.68,-1.29,-1.1320000000000014,-1.4780000000000015,-0.3460000000000001,5,1988
1988-06-01,25.99,24.44,-1.08,-1.6010000000000026,-2.061666666666664,-0.46066666666666123,6,1988
1988-07-01,25.56,23.74,-0.73,-1.6186666666666696,-1.9493333333333354,-0.3306666666666658,7,1988
1988-08-01,25.66,23.64,-0.61,-1.1739999999999995,-1.4600000000000009,-0.28600000000000136,8,1988
1988-09-01,25.72,23.81,-0.88,-1.0073333333333316,-1.1209999999999987,-0.11366666666666703,9,1988
1988-10-01,24.82,23.43,-1.52,-1.8530000000000015,-1.5226666666666695,0.33033333333333204,10,1988
1988-11-01,24.65,23.44,-1.51,-1.9776666666666678,-1.5956666666666663,0.38200000000000145,11,1988
1988-12-01,24.63,23.62,-1.31,-1.931000000000001,-1.5809999999999995,0.3500000000000014,12,1988
1989-01-01,24.58,24.22,-0.72,-1.972333333333335,-1.446666666666669,0.5256666666666661,1,1989
1989-02-01,25.28,25.44,-0.12,-1.461666666666666,-0.9683333333333337,0.4933333333333323,2,1989
1989-03-01,26.08,26.19,0.34,-1.1546666666666674,-0.968,0.18666666666666742,3,1989
1989-04-01,26.74,26.72,0.45,-0.9696666666666687,-0.7609999999999992,0.20866666666666944,4,1989
1989-05-01,27.06,26.42,0.58,-0.7520000000000024,-0.7379999999999995,0.014000000000002899,5,1989
1989-06-01,27.14,26.3,0.7,-0.4510000000000005,-0.20166666666666444,0.24933333333333607,6,1989
1989-07-01,26.72,25.35,0.65,-0.45866666666666944,-0.3393333333333324,0.11933333333333707,7,1989
1989-08-01,26.33,24.72,0.29,-0.5040000000000013,-0.38000000000000256,0.12399999999999878,8,1989
1989-09-01,26.42,24.6,0.24,-0.3073333333333288,-0.33099999999999596,-0.02366666666666717,9,1989
1989-10-01,26.32,24.58,-0.06,-0.35300000000000153,-0.3726666666666709,-0.019666666666669386,10,1989
1989-11-01,26.25,24.51,-0.12,-0.3776666666666664,-0.5256666666666661,-0.1479999999999997,11,1989
1989-12-01,26.46,24.85,0.48,-0.10099999999999909,-0.3509999999999991,-0.25,12,1989
1990-01-01,26.56,25.37,0.68,0.007666666666665378,-0.29666666666666686,-0.30433333333333223,1,1990
1990-02-01,26.96,26.42,0.98,0.2183333333333337,0.011666666666666714,-0.206666666666667,2,1990
1990-03-01,27.33,26.92,0.88,0.0953333333333326,-0.23799999999999955,-0.33333333333333215,3,1990
1990-04-01,27.9,27.49,0.56,0.19033333333333147,0.009000000000000341,-0.18133333333333113,4,1990
1990-05-01,28.02,27.41,0.05,0.2079999999999984,0.2519999999999989,0.04400000000000048,5,1990
1990-06-01,27.64,26.58,-0.2,0.04899999999999949,0.07833333333333314,0.029333333333333655,6,1990
1990-07-01,27.38,25.81,0.16,0.2013333333333307,0.12066666666666492,-0.08066666666666578,7,1990
1990-08-01,27.07,25.23,0.37,0.23600000000000065,0.129999999999999,-0.10600000000000165,8,1990
1990-09-01,26.94,25.02,0.32,0.21266666666667078,0.08900000000000219,-0.12366666666666859,9,1990
1990-10-01,26.93,24.84,0.4,0.2569999999999979,-0.11266666666666936,-0.36966666666666725,10,1990
1990-11-01,26.81,24.9,0.28,0.18233333333333235,-0.13566666666666904,-0.3180000000000014,11,1990
1990-12-01,26.95,25.15,0.61,0.38899999999999935,-0.05100000000000193,-0.4400000000000013,12,1990
1991-01-01,27.03,25.79,0.64,0.4776666666666678,0.1233333333333313,-0.3543333333333365,1,1991
1991-02-01,27.07,26.41,0.35,0.32833333333333314,0.0016666666666651508,-0.326666666666668,2,1991
1991-03-01,27.32,27.04,0.24,0.0853333333333346,-0.1180000000000021,-0.2033333333333367,3,1991
1991-04-01,28.01,27.53,0.47,0.30033333333333445,0.04900000000000304,-0.2513333333333314,4,1991
1991-05-01,28.2,27.49,0.71,0.3879999999999981,0.3319999999999972,-0.05600000000000094,5,1991
1991-06-01,28.25,27.3,0.68,0.6589999999999989,0.7983333333333356,0.13933333333333664,6,1991
1991-07-01,28.05,26.64,0.64,0.8713333333333324,0.9506666666666668,0.07933333333333437,7,1991
1991-08-01,27.53,25.63,0.43,0.6960000000000015,0.5299999999999976,-0.16600000000000392,8,1991
1991-09-01,27.14,25.26,0.54,0.41266666666667007,0.3290000000000042,-0.08366666666666589,9,1991
1991-10-01,27.58,25.59,1.07,0.9069999999999965,0.6373333333333306,-0.26966666666666583,10,1991
1991-11-01,27.9,26.05,1.04,1.2723333333333322,1.014333333333333,-0.2579999999999991,11,1991
1991-12-01,28.29,26.48,1.23,1.7289999999999992,1.279,-0.4499999999999993,12,1991
1992-01-01,28.38,27.03,1.27,1.8276666666666657,1.3633333333333333,-0.4643333333333324,1,1992
1992-02-01,28.53,27.67,1.54,1.788333333333334,1.2616666666666667,-0.5266666666666673,2,1992
1992-03-01,28.66,28.26,0.7,1.4253333333333345,1.1020000000000003,-0.32333333333333414,3,1992
1992-04-01,29.02,28.75,0.19,1.3103333333333325,1.269000000000002,-0.04133333333333056,4,1992
1992-05-01,28.98,28.44,-0.4,1.1679999999999993,1.282,0.11400000000000077,5,1992
1992-06-01,28.3,27.17,-0.83,0.7089999999999996,0.6683333333333366,-0.040666666666663076,6,1992
1992-07-01,27.51,25.75,-0.72,0.33133333333333326,0.0606666666666662,-0.27066666666666706,7,1992
1992-08-01,26.91,25.03,-0.66,0.07600000000000051,-0.07000000000000028,-0.1460000000000008,8,1992
1992-09-01,26.65,24.83,-0.54,-0.07733333333333192,-0.10099999999999909,-0.02366666666666717,9,1992
1992-10-01,26.42,24.64,-0.52,-0.2530000000000001,-0.31266666666666865,-0.05966666666666853,10,1992
1992-11-01,26.42,24.64,-0.35,-0.20766666666666467,-0.39566666666666706,-0.1880000000000024,11,1992
1992-12-01,26.44,24.87,-0.05,-0.12099999999999866,-0.3309999999999995,-0.21000000000000085,12,1992
1993-01-01,26.69,25.55,0.07,0.13766666666666794,-0.11666666666666714,-0.2543333333333351,1,1993
1993-02-01,27.16,26.8,0.17,0.418333333333333,0.3916666666666657,-0.026666666666667282,2,1993
1993-03-01,27.67,27.61,0.38,0.435333333333336,0.4519999999999982,0.016666666666662167,3,1993
1993-04-01,28.41,28.42,0.61,0.700333333333333,0.9390000000000036,0.23866666666667058,4,1993
1993-05-01,28.71,28.33,0.32,0.8979999999999997,1.171999999999997,0.27399999999999736,5,1993
1993-06-01,28.08,27.06,-0.31,0.4889999999999972,0.5583333333333336,0.06933333333333636,6,1993
1993-07-01,27.52,26.05,-0.5,0.34133333333333127,0.3606666666666669,0.019333333333335645,7,1993
1993-08-01,26.99,25.36,-0.47,0.1559999999999988,0.259999999999998,0.1039999999999992,8,1993
1993-09-01,27.07,25.22,-0.12,0.3426666666666698,0.2890000000000015,-0.053666666666668306,9,1993
1993-10-01,26.77,25.11,-0.07,0.09699999999999775,0.15733333333333022,0.06033333333333246,10,1993
1993-11-01,26.71,25.09,-0.15,0.08233333333333448,0.054333333333332234,-0.028000000000002245,11,1993
1993-12-01,26.76,25.31,-0.36,0.19900000000000162,0.10899999999999821,-0.09000000000000341,12,1993
1994-01-01,26.64,25.86,-0.57,0.08766666666666723,0.19333333333333158,0.10566666666666436,1,1994
1994-02-01,26.81,26.33,-0.64,0.06833333333333158,-0.0783333333333367,-0.14666666666666828,2,1994
1994-03-01,27.39,26.85,-0.58,0.15533333333333488,-0.30799999999999983,-0.4633333333333347,3,1994
1994-04-01,28.08,27.2,-0.35,0.3703333333333312,-0.2809999999999988,-0.65133333333333,4,1994
1994-05-01,28.24,27.15,0.0,0.42799999999999727,-0.008000000000002672,-0.43599999999999994,5,1994
1994-06-01,28.04,26.56,0.05,0.44899999999999807,0.05833333333333357,-0.3906666666666645,6,1994
1994-07-01,27.54,25.53,0.0,0.36133333333333084,-0.15933333333333266,-0.5206666666666635,7,1994
1994-08-01,27.38,24.86,0.4,0.5459999999999994,-0.240000000000002,-0.7860000000000014,8,1994
1994-09-01,27.2,24.85,0.46,0.4726666666666688,-0.08099999999999596,-0.5536666666666648,9,1994
1994-10-01,27.47,25.5,0.76,0.796999999999997,0.5473333333333308,-0.24966666666666626,10,1994
1994-11-01,27.81,25.99,0.91,1.1823333333333323,0.9543333333333308,-0.22800000000000153,11,1994
1994-12-01,27.85,26.05,0.63,1.2890000000000015,0.8490000000000002,-0.4400000000000013,12,1994
1995-01-01,27.57,26.43,0.36,1.017666666666667,0.7633333333333319,-0.2543333333333351,1,1995
1995-02-01,27.49,26.85,0.04,0.7483333333333313,0.44166666666666643,-0.30666666666666487,2,1995
1995-03-01,27.75,27.18,-0.47,0.5153333333333343,0.021999999999998465,-0.49333333333333584,3,1995
1995-04-01,28.1,27.18,-0.56,0.3903333333333343,-0.3009999999999984,-0.6913333333333327,4,1995
1995-05-01,27.82,26.53,-0.5,0.007999999999999119,-0.6280000000000001,-0.6359999999999992,5,1995
1995-06-01,27.59,26.07,-0.28,-0.0010000000000012221,-0.43166666666666487,-0.43066666666666364,6,1995
1995-07-01,27.08,25.36,-0.34,-0.09866666666667001,-0.32933333333333437,-0.23066666666666436,7,1995
1995-08-01,26.23,24.21,-0.62,-0.6039999999999992,-0.8900000000000006,-0.28600000000000136,8,1995
1995-09-01,25.88,23.86,-0.85,-0.8473333333333315,-1.070999999999998,-0.22366666666666646,9,1995
1995-10-01,25.84,23.98,-0.77,-0.833000000000002,-0.9726666666666688,-0.13966666666666683,10,1995
1995-11-01,25.6,24.04,-0.74,-1.027666666666665,-0.9956666666666685,0.031999999999996476,11,1995
1995-12-01,25.65,24.25,-0.63,-0.9110000000000014,-0.9510000000000005,-0.03999999999999915,12,1995
1996-01-01,25.69,24.85,-0.16,-0.8623333333333321,-0.8166666666666664,0.045666666666665634,1,1996
1996-02-01,25.89,25.73,-0.02,-0.8516666666666666,-0.6783333333333346,0.173333333333332,2,1996
1996-03-01,26.67,26.67,0.09,-0.564666666666664,-0.48799999999999955,0.07666666666666444,3,1996
1996-04-01,27.35,26.75,-0.03,-0.3596666666666657,-0.7309999999999981,-0.3713333333333324,4,1996
1996-05-01,27.55,26.51,-0.07,-0.26200000000000045,-0.6479999999999997,-0.38599999999999923,5,1996
1996-06-01,27.29,25.86,0.08,-0.30100000000000193,-0.6416666666666657,-0.3406666666666638,6,1996
1996-07-01,26.85,25.17,-0.15,-0.3286666666666669,-0.5193333333333321,-0.1906666666666652,7,1996
1996-08-01,26.64,24.69,-0.18,-0.19399999999999906,-0.41000000000000014,-0.21600000000000108,8,1996
1996-09-01,26.27,24.41,-0.26,-0.4573333333333309,-0.5209999999999972,-0.06366666666666632,9,1996
1996-10-01,26.27,24.39,-0.24,-0.40300000000000225,-0.5626666666666686,-0.1596666666666664,10,1996
1996-11-01,26.29,24.45,-0.37,-0.3376666666666672,-0.5856666666666683,-0.2480000000000011,11,1996
1996-12-01,25.95,24.22,-0.17,-0.6110000000000007,-0.9810000000000016,-0.370000000000001,12,1996
1997-01-01,26.01,24.77,0.49,-0.5423333333333318,-0.8966666666666683,-0.3543333333333365,1,1997
1997-02-01,26.38,25.73,0.85,-0.36166666666666814,-0.6783333333333346,-0.31666666666666643,2,1997
1997-03-01,27.04,26.86,1.26,-0.19466666666666654,-0.2980000000000018,-0.10333333333333528,3,1997
1997-04-01,27.98,27.47,1.87,0.2703333333333333,-0.010999999999999233,-0.28133333333333255,4,1997
1997-05-01,28.58,27.9,1.82,0.7679999999999971,0.7419999999999973,-0.0259999999999998,5,1997
1997-06-01,28.82,28.13,2.01,1.2289999999999992,1.6283333333333339,0.39933333333333465,6,1997
1997-07-01,28.86,27.9,1.77,1.6813333333333311,2.210666666666665,0.5293333333333337,7,1997
1997-08-01,28.75,27.71,1.5,1.9160000000000004,2.6099999999999994,0.6939999999999991,8,1997
1997-09-01,28.85,27.74,1.85,2.122666666666671,2.809000000000001,0.6863333333333301,9,1997
1997-10-01,29.08,28.06,2.05,2.4069999999999965,3.1073333333333295,0.700333333333333,10,1997
1997-11-01,29.12,28.37,1.94,2.4923333333333346,3.3343333333333334,0.8419999999999987,11,1997
1997-12-01,28.89,28.53,1.15,2.3290000000000006,3.3290000000000006,1.0,12,1997
1998-01-01,28.93,28.74,0.16,2.3776666666666664,3.0733333333333306,0.6956666666666642,1,1998
1998-02-01,28.78,28.9,-0.35,2.038333333333334,2.4916666666666636,0.4533333333333296,2,1998
1998-03-01,28.62,29.12,-0.51,1.3853333333333353,1.9619999999999997,0.5766666666666644,3,1998
1998-04-01,28.6,29.22,-0.91,0.8903333333333343,1.7390000000000008,0.8486666666666665,4,1998
1998-05-01,28.51,28.64,-1.42,0.6980000000000004,1.4819999999999993,0.7839999999999989,5,1998
1998-06-01,27.34,26.99,-1.79,-0.2510000000000012,0.4883333333333333,0.7393333333333345,6,1998
1998-07-01,26.3,25.42,-1.94,-0.8786666666666676,-0.2693333333333321,0.6093333333333355,7,1998
1998-08-01,25.57,24.45,-1.97,-1.2639999999999993,-0.6500000000000021,0.6139999999999972,8,1998
1998-09-01,25.46,23.95,-1.76,-1.2673333333333296,-0.9809999999999981,0.28633333333333155,9,1998
1998-10-01,25.25,23.99,-1.95,-1.4230000000000018,-0.9626666666666708,0.46033333333333104,10,1998
1998-11-01,25.24,24.24,-1.96,-1.387666666666668,-0.7956666666666692,0.5919999999999987,11,1998
1998-12-01,24.91,24.13,-1.71,-1.6509999999999998,-1.0710000000000015,0.5799999999999983,12,1998
1999-01-01,24.86,24.41,-1.52,-1.692333333333334,-1.2566666666666677,0.4356666666666662,1,1999
1999-02-01,25.43,25.52,-1.36,-1.3116666666666674,-0.8883333333333354,0.423333333333332,2,1999
1999-03-01,26.33,26.68,-0.86,-0.9046666666666674,-0.47800000000000153,0.42666666666666586,3,1999
1999-04-01,26.7,26.71,-0.75,-1.0096666666666678,-0.7709999999999972,0.23866666666667058,4,1999
1999-05-01,26.79,26.45,-0.59,-1.022000000000002,-0.708000000000002,0.31400000000000006,5,1999
1999-06-01,26.53,25.72,-0.4,-1.061,-0.7816666666666663,0.27933333333333366,6,1999
1999-07-01,26.13,25.05,-0.51,-1.0486666666666693,-0.6393333333333331,0.4093333333333362,7,1999
1999-08-01,25.63,24.28,-0.87,-1.2040000000000006,-0.8200000000000003,0.38400000000000034,8,1999
1999-09-01,25.63,23.79,-0.92,-1.0973333333333315,-1.1409999999999982,-0.04366666666666674,9,1999
1999-10-01,25.48,23.6,-0.88,-1.1930000000000014,-1.3526666666666678,-0.1596666666666664,10,1999
1999-11-01,25.12,23.6,-1.18,-1.5076666666666654,-1.4356666666666662,0.07199999999999918,11,1999
1999-12-01,24.86,23.68,-1.23,-1.7010000000000005,-1.5210000000000008,0.17999999999999972,12,1999
2000-01-01,24.78,24.0,-0.96,-1.7723333333333322,-1.6666666666666679,0.10566666666666436,1,2000
2000-02-01,25.21,25.27,-0.69,-1.5316666666666663,-1.1383333333333354,0.39333333333333087,2,2000
2000-03-01,26.3,26.7,-0.41,-0.934666666666665,-0.45800000000000196,0.476666666666663,3,2000
2000-04-01,26.95,27.41,-0.08,-0.7596666666666678,-0.07099999999999795,0.6886666666666699,4,2000
2000-05-01,27.07,26.88,0.04,-0.7420000000000009,-0.27800000000000225,0.46399999999999864,5,2000
2000-06-01,26.94,26.03,0.15,-0.6509999999999998,-0.471666666666664,0.1793333333333358,6,2000
2000-07-01,26.63,25.18,0.09,-0.5486666666666693,-0.5093333333333341,0.03933333333333522,7,2000
2000-08-01,26.37,24.64,0.04,-0.46399999999999864,-0.46000000000000085,0.003999999999997783,8,2000
2000-09-01,26.2,24.59,0.0,-0.5273333333333312,-0.3409999999999975,0.18633333333333368,9,2000
2000-10-01,26.02,24.48,-0.3,-0.6530000000000022,-0.4726666666666688,0.18033333333333346,10,2000
2000-11-01,25.92,24.4,-0.54,-0.7076666666666647,-0.635666666666669,0.07199999999999562,11,2000
2000-12-01,25.68,24.57,-0.72,-0.8810000000000002,-0.6310000000000002,0.25,12,2000
2001-01-01,25.81,25.24,-0.44,-0.7423333333333346,-0.4266666666666694,0.3156666666666652,1,2001
2001-02-01,26.12,26.12,-0.41,-0.6216666666666661,-0.288333333333334,0.33333333333333215,2,2001
2001-03-01,26.8,27.2,-0.03,-0.434666666666665,0.04199999999999804,0.476666666666663,3,2001
2001-04-01,27.33,27.46,0.29,-0.3796666666666688,-0.020999999999997243,0.3586666666666716,4,2001
2001-05-01,27.6,27.11,0.13,-0.21199999999999974,-0.04800000000000182,0.16399999999999793,5,2001
2001-06-01,27.54,26.34,0.29,-0.05100000000000193,-0.1616666666666653,-0.11066666666666336,6,2001
2001-07-01,27.25,25.53,0.51,0.0713333333333317,-0.15933333333333266,-0.23066666666666436,7,2001
2001-08-01,26.8,24.9,0.1,-0.03399999999999892,-0.20000000000000284,-0.16600000000000392,8,2001
2001-09-01,26.52,24.31,0.24,-0.20733333333333093,-0.6209999999999987,-0.41366666666666774,9,2001
2001-10-01,26.57,24.55,0.18,-0.10300000000000153,-0.4026666666666685,-0.29966666666666697,10,2001
2001-11-01,26.33,24.42,0.18,-0.2976666666666681,-0.6156666666666659,-0.31799999999999784,11,2001
2001-12-01,26.19,24.61,0.23,-0.37099999999999866,-0.5910000000000011,-0.22000000000000242,12,2001
2002-01-01,26.39,25.17,0.64,-0.16233333333333277,-0.49666666666666615,-0.33433333333333337,1,2002
2002-02-01,26.71,26.16,0.64,-0.03166666666666629,-0.24833333333333485,-0.21666666666666856,2,2002
2002-03-01,27.29,27.35,0.6,0.055333333333333456,0.19200000000000017,0.13666666666666671,3,2002
2002-04-01,27.84,27.58,0.29,0.13033333333333275,0.0990000000000002,-0.03133333333333255,4,2002
2002-05-01,28.24,27.51,0.03,0.42799999999999727,0.3520000000000003,-0.07599999999999696,5,2002
2002-06-01,28.44,27.19,0.42,0.8490000000000002,0.6883333333333361,-0.16066666666666407,6,2002
2002-07-01,28.03,26.19,0.58,0.8513333333333328,0.5006666666666675,-0.35066666666666535,7,2002
2002-08-01,27.72,25.63,0.81,0.8859999999999992,0.5299999999999976,-0.35600000000000165,8,2002
2002-09-01,27.81,25.76,1.14,1.0826666666666682,0.8290000000000042,-0.25366666666666404,9,2002
2002-10-01,27.96,25.97,1.4,1.286999999999999,1.0173333333333296,-0.2696666666666694,10,2002
2002-11-01,28.17,26.4,1.23,1.5423333333333353,1.364333333333331,-0.17800000000000438,11,2002
2002-12-01,27.97,26.44,0.63,1.408999999999999,1.2390000000000008,-0.16999999999999815,12,2002
2003-01-01,27.15,26.23,0.13,0.5976666666666652,0.5633333333333326,-0.03433333333333266,1,2003
2003-02-01,27.39,26.84,-0.27,0.6483333333333334,0.43166666666666487,-0.21666666666666856,2,2003
2003-03-01,27.65,27.39,-0.24,0.4153333333333329,0.23199999999999932,-0.18333333333333357,3,2003
2003-04-01,27.68,27.14,-0.51,-0.029666666666667396,-0.3409999999999975,-0.31133333333333013,4,2003
2003-05-01,27.32,26.29,-0.77,-0.4920000000000009,-0.8680000000000021,-0.3760000000000012,5,2003
2003-06-01,27.44,26.03,0.03,-0.1509999999999998,-0.471666666666664,-0.3206666666666642,6,2003
2003-07-01,27.5,25.92,0.44,0.3213333333333317,0.2306666666666679,-0.09066666666666379,7,2003
2003-08-01,27.11,25.38,0.2,0.2759999999999998,0.2799999999999976,0.003999999999997783,8,2003
2003-09-01,26.99,25.05,0.16,0.26266666666666794,0.11900000000000333,-0.1436666666666646,9,2003
2003-10-01,27.14,25.38,0.33,0.46699999999999875,0.4273333333333298,-0.03966666666666896,10,2003
2003-11-01,27.04,25.75,0.53,0.4123333333333328,0.7143333333333324,0.3019999999999996,11,2003
2003-12-01,27.03,26.0,0.25,0.4690000000000012,0.7989999999999995,0.3299999999999983,12,2003
2004-01-01,26.81,26.08,0.18,0.2576666666666654,0.41333333333333044,0.15566666666666507,1,2004
2004-02-01,26.98,26.7,0.16,0.23833333333333329,0.2916666666666643,0.05333333333333101,2,2004
2004-03-01,27.4,27.34,-0.05,0.1653333333333329,0.1819999999999986,0.01666666666666572,3,2004
2004-04-01,27.89,27.52,0.19,0.18033333333333346,0.03900000000000148,-0.14133333333333198,4,2004
2004-05-01,28.0,26.8,0.16,0.18799999999999883,-0.35800000000000054,-0.5459999999999994,5,2004
2004-06-01,27.86,26.35,0.14,0.26899999999999835,-0.15166666666666373,-0.4206666666666621,6,2004
2004-07-01,27.78,25.78,0.62,0.6013333333333328,0.09066666666666734,-0.5106666666666655,7,2004
2004-08-01,27.62,25.36,0.61,0.7860000000000014,0.259999999999998,-0.5260000000000034,8,2004
2004-09-01,27.53,25.35,0.7,0.8026666666666706,0.41900000000000404,-0.3836666666666666,9,2004
2004-10-01,27.44,25.52,0.56,0.7669999999999995,0.5673333333333304,-0.1996666666666691,10,2004
2004-11-01,27.36,25.73,0.58,0.7323333333333331,0.6943333333333328,-0.038000000000000256,11,2004
2004-12-01,27.34,25.91,0.64,0.7789999999999999,0.7089999999999996,-0.07000000000000028,12,2004
2005-01-01,27.21,25.98,0.42,0.6576666666666675,0.3133333333333326,-0.34433333333333493,1,2005
2005-02-01,27.11,26.31,0.42,0.3683333333333323,-0.09833333333333627,-0.46666666666666856,2,2005
2005-03-01,27.73,27.14,0.72,0.49533333333333474,-0.018000000000000682,-0.5133333333333354,3,2005
2005-04-01,28.08,27.53,0.36,0.3703333333333312,0.04900000000000304,-0.32133333333332814,4,2005
2005-05-01,28.24,27.41,0.01,0.42799999999999727,0.2519999999999989,-0.17599999999999838,5,2005
2005-06-01,27.77,26.68,0.04,0.1789999999999985,0.17833333333333456,-0.0006666666666639287,6,2005
2005-07-01,27.06,25.91,-0.08,-0.11866666666666958,0.22066666666666634,0.33933333333333593,7,2005
2005-08-01,26.8,25.3,-0.17,-0.03399999999999892,0.1999999999999993,0.2339999999999982,8,2005
2005-09-01,26.68,24.82,-0.16,-0.047333333333330785,-0.1109999999999971,-0.06366666666666632,9,2005
2005-10-01,26.65,24.64,-0.11,-0.02300000000000324,-0.31266666666666865,-0.2896666666666654,10,2005
2005-11-01,26.11,23.97,-0.44,-0.5176666666666669,-1.0656666666666688,-0.5480000000000018,11,2005
2005-12-01,25.68,24.0,-0.57,-0.8810000000000002,-1.2010000000000005,-0.3200000000000003,12,2005
2006-01-01,25.63,24.85,-0.67,-0.9223333333333343,-0.8166666666666664,0.10566666666666791,1,2006
2006-02-01,26.08,26.06,-0.56,-0.6616666666666688,-0.34833333333333627,0.3133333333333326,2,2006
2006-03-01,26.57,26.65,-0.22,-0.6646666666666654,-0.5080000000000027,0.15666666666666273,3,2006
2006-04-01,27.5,27.16,0.25,-0.2096666666666671,-0.32099999999999795,-0.11133333333333084,4,2006
2006-05-01,27.85,27.17,0.49,0.038000000000000256,0.012000000000000455,-0.0259999999999998,5,2006
2006-06-01,27.73,26.61,0.71,0.13899999999999935,0.10833333333333428,-0.030666666666665066,6,2006
2006-07-01,27.3,25.82,0.74,0.1213333333333324,0.1306666666666665,0.009333333333334082,7,2006
2006-08-01,27.16,25.51,0.91,0.3260000000000005,0.41000000000000014,0.08399999999999963,8,2006
2006-09-01,27.32,25.73,1.01,0.5926666666666698,0.799000000000003,0.20633333333333326,9,2006
2006-10-01,27.41,25.86,0.77,0.7369999999999983,0.9073333333333302,0.1703333333333319,10,2006
2006-11-01,27.69,26.1,1.0,1.062333333333335,1.0643333333333338,0.0019999999999988916,11,2006
2006-12-01,27.74,26.37,0.68,1.1789999999999985,1.1690000000000005,-0.00999999999999801,12,2006
2007-01-01,27.24,26.53,-0.2,0.6876666666666651,0.8633333333333333,0.1756666666666682,1,2007
2007-02-01,26.88,26.49,-0.58,0.13833333333333186,0.08166666666666345,-0.05666666666666842,2,2007
2007-03-01,27.1,26.8,-0.62,-0.13466666666666427,-0.35800000000000054,-0.22333333333333627,3,2007
2007-04-01,27.5,26.95,-0.51,-0.2096666666666671,-0.5309999999999988,-0.3213333333333317,4,2007
2007-05-01,27.46,26.37,-0.49,-0.3520000000000003,-0.7880000000000003,-0.43599999999999994,5,2007
2007-06-01,27.37,25.9,-0.22,-0.22100000000000009,-0.6016666666666666,-0.3806666666666665,6,2007
2007-07-01,26.71,24.85,-0.32,-0.46866666666666745,-0.8393333333333324,-0.3706666666666649,7,2007
2007-08-01,26.14,23.94,-0.42,-0.6939999999999991,-1.1600000000000001,-0.4660000000000011,8,2007
2007-09-01,25.61,23.63,-0.69,-1.117333333333331,-1.3009999999999984,-0.1836666666666673,9,2007
2007-10-01,25.32,23.55,-0.87,-1.3530000000000015,-1.4026666666666685,-0.04966666666666697,10,2007
2007-11-01,25.17,23.48,-0.97,-1.4576666666666647,-1.5556666666666672,-0.09800000000000253,11,2007
2007-12-01,25.01,23.57,-0.87,-1.5509999999999984,-1.6310000000000002,-0.08000000000000185,12,2007
2008-01-01,24.86,24.19,-1.05,-1.692333333333334,-1.4766666666666666,0.21566666666666734,1,2008
2008-02-01,25.08,25.16,-0.82,-1.6616666666666688,-1.2483333333333348,0.413333333333334,2,2008
2008-03-01,26.07,26.45,-0.26,-1.1646666666666654,-0.708000000000002,0.45666666666666345,3,2008
2008-04-01,26.83,27.12,0.09,-0.8796666666666688,-0.3609999999999971,0.5186666666666717,4,2008
2008-05-01,27.09,27.0,0.33,-0.7220000000000013,-0.15800000000000125,0.5640000000000001,5,2008
2008-06-01,27.04,26.46,0.56,-0.5510000000000019,-0.0416666666666643,0.5093333333333376,6,2008
2008-07-01,26.99,26.08,0.47,-0.18866666666666987,0.3906666666666645,0.5793333333333344,7,2008
2008-08-01,26.72,25.62,0.03,-0.11400000000000077,0.5199999999999996,0.6340000000000003,8,2008
2008-09-01,26.47,25.2,-0.4,-0.25733333333333164,0.2690000000000019,0.5263333333333335,9,2008
2008-10-01,26.37,25.07,-0.34,-0.3030000000000008,0.11733333333333107,0.4203333333333319,10,2008
2008-11-01,26.25,24.98,-0.65,-0.3776666666666664,-0.0556666666666672,0.3219999999999992,11,2008
2008-12-01,25.74,24.66,-1.08,-0.8210000000000015,-0.5410000000000004,0.28000000000000114,12,2008
2009-01-01,25.66,25.15,-0.77,-0.8923333333333332,-0.5166666666666693,0.37566666666666393,1,2009
2009-02-01,25.96,25.84,-0.37,-0.7816666666666663,-0.5683333333333351,0.21333333333333115,2,2009
2009-03-01,26.59,26.49,0.0,-0.6446666666666658,-0.6680000000000028,-0.02333333333333698,3,2009
2009-04-01,27.47,27.41,0.52,-0.23966666666666825,-0.07099999999999795,0.1686666666666703,4,2009
2009-05-01,27.99,27.54,0.77,0.17799999999999727,0.3819999999999979,0.20400000000000063,5,2009
2009-06-01,28.04,27.18,1.07,0.44899999999999807,0.6783333333333346,0.2293333333333365,6,2009
2009-07-01,27.78,26.49,1.04,0.6013333333333328,0.8006666666666646,0.1993333333333318,7,2009
2009-08-01,27.42,25.92,0.79,0.5860000000000021,0.8200000000000003,0.2339999999999982,8,2009
2009-09-01,27.4,25.69,0.72,0.6726666666666681,0.7590000000000039,0.08633333333333582,9,2009
2009-10-01,27.6,25.76,0.86,0.9269999999999996,0.8073333333333323,-0.11966666666666725,10,2009
2009-11-01,28.16,26.18,1.31,1.5323333333333338,1.144333333333332,-0.3880000000000017,11,2009
2009-12-01,28.34,26.55,1.28,1.779,1.3490000000000002,-0.4299999999999997,12,2009
2010-01-01,28.07,26.73,0.94,1.517666666666667,1.0633333333333326,-0.45433333333333437,1,2010
2010-02-01,28.01,27.28,0.93,1.2683333333333344,0.8716666666666661,-0.3966666666666683,2,2010
2010-03-01,28.18,27.76,0.65,0.945333333333334,0.6020000000000003,-0.3433333333333337,3,2010
2010-04-01,28.2,27.85,-0.01,0.4903333333333322,0.3690000000000033,-0.12133333333332885,4,2010
2010-05-01,27.71,27.08,-0.83,-0.10200000000000031,-0.07800000000000296,0.023999999999997357,5,2010
2010-06-01,27.04,25.91,-1.12,-0.5510000000000019,-0.591666666666665,-0.040666666666663076,6,2010
2010-07-01,26.22,24.79,-1.14,-0.9586666666666694,-0.8993333333333347,0.05933333333333479,7,2010
2010-08-01,25.47,23.97,-1.33,-1.3640000000000008,-1.1300000000000026,0.2339999999999982,8,2010
2010-09-01,25.12,23.61,-1.45,-1.6073333333333295,-1.320999999999998,0.28633333333333155,9,2010
2010-10-01,25.03,23.5,-1.47,-1.6430000000000007,-1.4526666666666692,0.19033333333333147,10,2010
2010-11-01,25.06,23.59,-1.31,-1.5676666666666677,-1.4456666666666678,0.12199999999999989,11,2010
2010-12-01,25.0,23.73,-1.24,-1.561,-1.471,0.08999999999999986,12,2010
2011-01-01,25.0,24.4,-0.92,-1.5523333333333333,-1.2666666666666693,0.28566666666666407,1,2011
2011-02-01,25.64,25.63,-0.11,-1.1016666666666666,-0.778333333333336,0.3233333333333306,2,2011
2011-03-01,26.36,26.47,0.5,-0.8746666666666663,-0.6880000000000024,0.18666666666666387,3,2011
2011-04-01,27.05,27.25,0.72,-0.6596666666666664,-0.2309999999999981,0.4286666666666683,4,2011
2011-05-01,27.41,26.96,0.64,-0.402000000000001,-0.1980000000000004,0.20400000000000063,5,2011
2011-06-01,27.35,26.5,0.46,-0.24099999999999966,-0.0016666666666651508,0.2393333333333345,6,2011
2011-07-01,26.87,25.61,0.2,-0.3086666666666673,-0.07933333333333437,0.22933333333333294,7,2011
2011-08-01,26.21,24.73,-0.22,-0.6239999999999988,-0.370000000000001,0.2539999999999978,8,2011
2011-09-01,25.92,24.29,-0.64,-0.8073333333333288,-0.6409999999999982,0.16633333333333056,9,2011
2011-10-01,25.67,23.92,-0.87,-1.0030000000000001,-1.0326666666666675,-0.029666666666667396,10,2011
2011-11-01,25.52,23.98,-0.71,-1.1076666666666668,-1.0556666666666672,0.0519999999999996,11,2011
2011-12-01,25.54,24.31,-0.81,-1.0210000000000008,-0.8910000000000018,0.129999999999999,12,2011
2012-01-01,25.67,25.09,-0.79,-0.8823333333333316,-0.576666666666668,0.30566666666666364,1,2012
2012-02-01,26.08,26.22,-0.26,-0.6616666666666688,-0.18833333333333613,0.4733333333333327,2,2012
2012-03-01,26.67,27.02,0.06,-0.564666666666664,-0.13800000000000168,0.4266666666666623,3,2012
2012-04-01,27.32,27.56,0.51,-0.3896666666666668,0.07900000000000063,0.46866666666666745,4,2012
2012-05-01,27.61,27.34,0.58,-0.20200000000000173,0.1819999999999986,0.38400000000000034,5,2012
2012-06-01,27.75,27.05,0.66,0.15899999999999892,0.5483333333333356,0.38933333333333664,6,2012
2012-07-01,27.54,26.37,0.76,0.36133333333333084,0.6806666666666672,0.31933333333333636,7,2012
2012-08-01,27.32,25.64,0.74,0.48600000000000065,0.5399999999999991,0.053999999999998494,8,2012
2012-09-01,27.1,25.24,0.44,0.3726666666666709,0.30900000000000105,-0.06366666666666987,9,2012
2012-10-01,26.98,25.0,0.38,0.3069999999999986,0.047333333333330785,-0.2596666666666678,10,2012
2012-11-01,26.86,25.08,0.22,0.23233333333333306,0.04433333333333067,-0.1880000000000024,11,2012
2012-12-01,26.34,24.8,-0.17,-0.22100000000000009,-0.4009999999999998,-0.17999999999999972,12,2012
2013-01-01,26.01,25.0,-0.47,-0.5423333333333318,-0.6666666666666679,-0.12433333333333607,1,2013
2013-02-01,26.24,25.84,-0.23,-0.5016666666666687,-0.5683333333333351,-0.06666666666666643,2,2013
2013-03-01,27.03,27.08,-0.04,-0.20466666666666455,-0.07800000000000296,0.1266666666666616,3,2013
2013-04-01,27.57,27.22,-0.02,-0.13966666666666683,-0.26099999999999923,-0.1213333333333324,4,2013
2013-05-01,27.53,26.43,-0.09,-0.28200000000000003,-0.7280000000000015,-0.4460000000000015,5,2013
2013-06-01,27.3,25.73,0.16,-0.29100000000000037,-0.7716666666666647,-0.48066666666666436,6,2013
2013-07-01,26.91,25.1,0.28,-0.26866666666666816,-0.5893333333333324,-0.3206666666666642,7,2013
2013-08-01,26.47,24.47,0.25,-0.36400000000000077,-0.6300000000000026,-0.2660000000000018,8,2013
2013-09-01,26.54,24.58,0.29,-0.18733333333333135,-0.3509999999999991,-0.16366666666666774,9,2013
2013-10-01,26.52,24.79,0.26,-0.15300000000000225,-0.16266666666667007,-0.009666666666667822,10,2013
2013-11-01,26.56,24.9,0.48,-0.06766666666666765,-0.13566666666666904,-0.06800000000000139,11,2013
2013-12-01,26.43,25.09,0.26,-0.13100000000000023,-0.11100000000000065,0.019999999999999574,12,2013
2014-01-01,26.05,25.23,0.0,-0.5023333333333326,-0.4366666666666674,0.06566666666666521,1,2014
2014-02-01,26.14,25.62,0.42,-0.6016666666666666,-0.788333333333334,-0.18666666666666742,2,2014
2014-03-01,27.0,26.89,1.21,-0.2346666666666657,-0.2680000000000007,-0.03333333333333499,3,2014
2014-04-01,27.9,27.64,1.27,0.19033333333333147,0.15900000000000247,-0.031333333333328994,4,2014
2014-05-01,28.25,27.64,1.0,0.43799999999999883,0.4819999999999993,0.04400000000000048,5,2014
2014-06-01,27.96,27.15,0.39,0.3689999999999998,0.6483333333333334,0.27933333333333366,6,2014
2014-07-01,27.23,26.12,0.02,0.05133333333333212,0.4306666666666672,0.3793333333333351,7,2014
2014-08-01,26.82,25.3,0.37,-0.013999999999999346,0.1999999999999993,0.21399999999999864,8,2014
2014-09-01,27.01,25.27,0.58,0.28266666666667106,0.3390000000000022,0.056333333333331126,9,2014
2014-10-01,27.16,25.56,0.51,0.4869999999999983,0.6073333333333295,0.12033333333333118,10,2014
2014-11-01,27.46,25.88,0.68,0.8323333333333345,0.8443333333333314,0.011999999999996902,11,2014
2014-12-01,27.31,25.91,0.48,0.7489999999999988,0.7089999999999996,-0.03999999999999915,12,2014
2015-01-01,27.05,26.01,0.22,0.49766666666666737,0.3433333333333337,-0.15433333333333366,1,2015
2015-02-01,27.17,26.46,0.65,0.42833333333333456,0.05166666666666586,-0.3766666666666687,2,2015
2015-03-01,27.75,27.3,1.17,0.5153333333333343,0.14199999999999946,-0.37333333333333485,3,2015
2015-04-01,28.52,28.21,1.42,0.8103333333333325,0.7290000000000028,-0.0813333333333297,4,2015
2015-05-01,28.85,28.2,1.42,1.0380000000000003,1.041999999999998,0.003999999999997783,5,2015
2015-06-01,28.9,28.07,1.27,1.3089999999999975,1.5683333333333351,0.25933333333333763,6,2015
2015-07-01,28.75,27.66,1.36,1.5713333333333317,1.9706666666666663,0.39933333333333465,7,2015
2015-08-01,28.79,27.21,1.43,1.9559999999999995,2.1099999999999994,0.15399999999999991,8,2015
2015-09-01,28.93,27.4,1.48,2.202666666666669,2.469000000000001,0.266333333333332,9,2015
2015-10-01,29.08,27.6,1.51,2.4069999999999965,2.647333333333332,0.24033333333333573,10,2015
2015-11-01,29.42,27.95,1.41,2.7923333333333353,2.9143333333333317,0.12199999999999633,11,2015
2015-12-01,29.26,28.07,1.04,2.6990000000000016,2.8689999999999998,0.16999999999999815,12,2015
2016-01-01,29.11,28.25,0.88,2.557666666666666,2.583333333333332,0.02566666666666606,1,2016
2016-02-01,29.01,28.38,0.31,2.2683333333333344,1.971666666666664,-0.2966666666666704,2,2016
2016-03-01,28.9,28.74,-0.33,1.6653333333333329,1.5819999999999972,-0.0833333333333357,3,2016
2016-04-01,28.72,28.2,-0.85,1.0103333333333318,0.7190000000000012,-0.29133333333333056,4,2016
2016-05-01,28.23,27.23,-1.08,0.41799999999999926,0.07199999999999918,-0.3460000000000001,5,2016
2016-06-01,27.69,26.48,-0.97,0.0990000000000002,-0.021666666666664725,-0.12066666666666492,6,2016
2016-07-01,26.82,25.19,-0.68,-0.358666666666668,-0.4993333333333325,-0.1406666666666645,7,2016
2016-08-01,26.28,24.59,-0.56,-0.5539999999999985,-0.5100000000000016,0.04399999999999693,8,2016
2016-09-01,26.14,24.64,-0.55,-0.5873333333333299,-0.2909999999999968,0.2963333333333331,9,2016
2016-10-01,25.98,24.42,-0.75,-0.6930000000000014,-0.5326666666666675,0.16033333333333388,10,2016
2016-11-01,25.94,24.48,-0.53,-0.6876666666666651,-0.5556666666666672,0.1319999999999979,11,2016
2016-12-01,26.1,24.76,-0.18,-0.4609999999999985,-0.44099999999999895,0.019999999999999574,12,2016
2017-01-01,26.12,25.58,0.07,-0.43233333333333235,-0.08666666666666956,0.3456666666666628,1,2017
2017-02-01,26.67,26.83,0.3,-0.07166666666666544,0.4216666666666633,0.49333333333332874,2,2017
2017-03-01,27.32,27.55,0.38,0.0853333333333346,0.39199999999999946,0.30666666666666487,3,2017
2017-04-01,28.03,28.03,0.28,0.320333333333334,0.549000000000003,0.22866666666666902,4,2017
2017-05-01,28.3,27.55,0.36,0.48799999999999955,0.39199999999999946,-0.09600000000000009,5,2017
2017-06-01,28.06,26.68,0.22,0.46899999999999764,0.17833333333333456,-0.2906666666666631,6,2017
2017-07-01,27.54,25.84,0.15,0.36133333333333084,0.15066666666666606,-0.21066666666666478,7,2017
2017-08-01,26.7,24.87,-0.21,-0.13400000000000034,-0.23000000000000043,-0.09600000000000009,8,2017
2017-09-01,26.29,24.18,-0.57,-0.43733333333333135,-0.7509999999999977,-0.3136666666666663,9,2017
2017-10-01,26.15,24.26,-0.77,-0.5230000000000032,-0.6926666666666677,-0.1696666666666644,10,2017
2017-11-01,25.74,24.02,-0.65,-0.8876666666666679,-1.015666666666668,-0.1280000000000001,11,2017
2017-12-01,25.62,24.0,-0.54,-0.940999999999999,-1.2010000000000005,-0.26000000000000156,12,2017
2018-01-01,25.57,24.48,-0.17,-0.9823333333333331,-1.1866666666666674,-0.20433333333333437,1,2018
2018-02-01,25.97,25.5,0.09,-0.7716666666666683,-0.908333333333335,-0.13666666666666671,2,2018
2018-03-01,26.48,26.27,0.44,-0.7546666666666653,-0.8880000000000017,-0.1333333333333364,3,2018
2018-04-01,27.31,26.96,0.62,-0.3996666666666684,-0.5209999999999972,-0.12133333333332885,4,2018
2018-05-01,27.73,26.92,0.75,-0.08200000000000074,-0.23799999999999955,-0.1559999999999988,5,2018
2018-06-01,27.77,26.63,0.8,0.1789999999999985,0.12833333333333385,-0.05066666666666464,6,2018
2018-07-01,27.42,25.92,0.73,0.2413333333333334,0.2306666666666679,-0.010666666666665492,7,2018
2018-08-01,26.94,25.06,0.73,0.10600000000000165,-0.0400000000000027,-0.14600000000000435,8,2018
2018-09-01,27.19,25.25,1.06,0.4626666666666708,0.3190000000000026,-0.14366666666666816,9,2018
2018-10-01,27.62,25.73,1.39,0.9469999999999992,0.7773333333333312,-0.16966666666666796,10,2018
2018-11-01,27.61,26.0,1.31,0.9823333333333331,0.9643333333333324,-0.018000000000000682,11,2018
2018-12-01,27.49,26.14,1.02,0.9289999999999985,0.9390000000000001,0.010000000000001563,12,2018
2019-01-01,27.19,26.26,0.77,0.6376666666666679,0.5933333333333337,-0.044333333333334224,1,2019
2019-02-01,27.46,26.99,0.92,0.7183333333333337,0.5816666666666634,-0.13666666666667027,2,2019
2019-03-01,28.09,27.84,1.07,0.8553333333333342,0.6819999999999986,-0.17333333333333556,3,2019
2019-04-01,28.44,28.13,0.54,0.7303333333333342,0.6490000000000009,-0.08133333333333326,4,2019
2019-05-01,28.48,27.75,0.09,0.6679999999999993,0.5919999999999987,-0.07600000000000051,5,2019
2019-06-01,28.18,26.82,0.07,0.5889999999999986,0.31833333333333513,-0.2706666666666635,6,2019
2019-07-01,27.64,25.7,0.03,0.46133333333333226,0.010666666666665492,-0.45066666666666677,7,2019
2019-08-01,26.9,24.79,-0.06,0.06599999999999895,-0.3100000000000023,-0.3760000000000012,8,2019
2019-09-01,26.75,24.63,0.09,0.0226666666666695,-0.3009999999999984,-0.3236666666666679,9,2019
2019-10-01,27.2,25.14,0.49,0.5269999999999975,0.18733333333333135,-0.3396666666666661,10,2019
2019-11-01,27.22,25.43,0.34,0.5923333333333325,0.3943333333333321,-0.1980000000000004,11,2019
2019-12-01,27.12,25.47,0.45,0.559000000000001,0.26899999999999835,-0.2900000000000027,12,2019
2020-01-01,27.15,25.88,0.48,0.5976666666666652,0.21333333333333115,-0.3843333333333341,1,2020
2020-02-01,27.12,26.51,0.51,0.37833333333333385,0.10166666666666657,-0.2766666666666673,2,2020
2020-03-01,27.76,27.41,0.19,0.5253333333333359,0.2519999999999989,-0.273333333333337,3,2020
2020-04-01,28.18,27.86,-0.24,0.4703333333333326,0.37900000000000134,-0.09133333333333127,4,2020
2020-05-01,27.66,26.92,0.7,-0.15200000000000102,-0.23799999999999955,-0.08599999999999852,5,2020
2020-06-01,27.39,25.93,-0.54,-0.2010000000000005,-0.5716666666666654,-0.3706666666666649,6,2020
2020-07-01,26.99,25.22,-0.25,-0.18866666666666987,-0.46933333333333493,-0.28066666666666507,7,2020
2020-08-01,26.26,24.5,-0.55,-0.5739999999999981,-0.6000000000000014,-0.026000000000003354,8,2020
2020-09-01,25.89,23.91,-0.63,-0.8373333333333299,-1.0209999999999972,-0.1836666666666673,9,2020
2020-10-01,25.46,23.88,-0.85,-1.213000000000001,-1.0726666666666702,0.14033333333333076,10,2020
2020-11-01,25.28,23.9,-0.8,-1.3476666666666652,-1.135666666666669,0.2119999999999962,11,2020
2020-12-01,25.44,24.41,-0.71,-1.1209999999999987,-0.7910000000000004,0.3299999999999983,12,2020
2021-01-01,25.55,25.04,-0.71,-1.0023333333333326,-0.6266666666666687,0.37566666666666393,1,2021
2021-02-01,25.75,25.68,-0.44,-0.9916666666666671,-0.7283333333333353,0.26333333333333186,2,2021
2021-03-01,26.48,26.52,0.29,-0.7546666666666653,-0.6380000000000017,0.11666666666666359,3,2021
2021-04-01,27.1,26.79,0.56,-0.6096666666666657,-0.690999999999999,-0.08133333333333326,4,2021
2021-05-01,27.47,26.69,0.57,-0.3420000000000023,-0.46799999999999997,-0.12599999999999767,5,2021
2021-06-01,27.45,26.3,0.34,-0.1410000000000018,-0.20166666666666444,-0.06066666666666265,6,2021
2021-07-01,26.9,25.49,-0.22,-0.2786666666666697,-0.19933333333333536,0.07933333333333437,7,2021
2021-08-01,26.32,24.66,-0.51,-0.5139999999999993,-0.4400000000000013,0.07399999999999807,8,2021
2021-09-01,26.17,24.47,-0.89,-0.5573333333333288,-0.4609999999999985,0.09633333333333027,9,2021
2021-10-01,25.77,24.2,-1.09,-0.9030000000000022,-0.7526666666666699,0.15033333333333232,10,2021
2021-11-01,25.76,24.07,-0.88,-0.8676666666666648,-0.9656666666666673,-0.09800000000000253,11,2021
2021-12-01,25.54,23.96,-0.81,-1.0210000000000008,-1.2409999999999997,-0.21999999999999886,12,2021
2022-01-01,25.6,24.35,-0.18,-0.9523333333333319,-1.3166666666666664,-0.3643333333333345,1,2022
2022-02-01,25.86,25.26,0.05,-0.8816666666666677,-1.1483333333333334,-0.2666666666666657,2,2022
2022-03-01,26.31,26.47,-0.2,-0.924666666666667,-0.6880000000000024,0.23666666666666458,3,2022
2022-04-01,26.7,26.66,-0.22,-1.0096666666666678,-0.820999999999998,0.18866666666666987,4,2022
2022-05-01,26.82,26.2,-0.15,-0.9920000000000009,-0.958000000000002,0.03399999999999892,5,2022
2022-06-01,26.98,25.81,0.18,-0.6110000000000007,-0.6916666666666664,-0.08066666666666578,6,2022
2022-07-01,26.6,25.28,-0.32,-0.5786666666666669,-0.40933333333333266,0.16933333333333422,7,2022
2022-08-01,25.88,24.44,-0.63,-0.9540000000000006,-0.6600000000000001,0.2940000000000005,8,2022
2022-09-01,25.65,23.94,-0.65,-1.077333333333332,-0.9909999999999961,0.08633333333333582,9,2022
2022-10-01,25.73,23.88,-0.66,-0.9430000000000014,-1.0726666666666702,-0.12966666666666882,10,2022
2022-11-01,25.8,24.16,-0.5,-0.8276666666666657,-0.8756666666666675,-0.04800000000000182,11,2022
2022-12-01,25.75,24.41,-0.23,-0.8109999999999999,-0.7910000000000004,0.019999999999999574,12,2022
2023-01-01,25.83,25.1,-0.03,-0.722333333333335,-0.5666666666666664,0.15566666666666862,1,2023
2023-02-01,26.29,26.31,0.17,-0.451666666666668,-0.09833333333333627,0.3533333333333317,2,2023
2023-03-01,27.17,27.5,0.88,-0.06466666666666399,0.34199999999999875,0.40666666666666273,3,2023
2023-04-01,27.96,28.05,1.24,0.25033333333333374,0.5690000000000026,0.3186666666666689,4,2023
2023-05-01,28.39,28.09,1.24,0.5779999999999994,0.9319999999999986,0.3539999999999992,5,2023
2023-06-01,28.57,27.88,1.4,0.9789999999999992,1.3783333333333339,0.39933333333333465,6,2023
2023-07-01,28.32,27.41,1.07,1.141333333333332,1.7206666666666663,0.5793333333333344,7,2023
2023-08-01,28.2,27.12,1.06,1.3659999999999997,2.0199999999999996,0.6539999999999999,8,2023
2023-09-01,28.32,27.01,0.94,1.5926666666666698,2.079000000000004,0.4863333333333344,9,2023
2023-10-01,28.44,27.13,0.97,1.7669999999999995,2.17733333333333,0.41033333333333033,10,2023
2023-11-01,28.72,27.2,1.13,2.0923333333333325,2.1643333333333317,0.07199999999999918,11,2023
2023-12-01,28.62,27.24,0.78,2.059000000000001,2.038999999999998,-0.020000000000003126,12,2023
2024-01-01,28.35,27.51,0.29,1.797666666666668,1.8433333333333337,0.045666666666665634,1,2024
2024-02-01,28.27,27.92,-0.03,1.5283333333333324,1.5116666666666667,-0.01666666666666572,2,2024
2024-03-01,28.41,28.03,-0.51,1.1753333333333345,0.8719999999999999,-0.30333333333333456,3,2024
2024-04-01,28.59,28.08,-0.67,0.8803333333333327,0.5990000000000002,-0.28133333333333255,4,2024
2024-05-01,28.16,27.06,-0.68,0.347999999999999,-0.09800000000000253,-0.4460000000000015,5,2024
2024-06-01,27.9,26.35,-0.45,0.3089999999999975,-0.15166666666666373,-0.46066666666666123,6,2024
2024-07-01,27.34,25.66,-0.49,0.16133333333333155,-0.029333333333333655,-0.1906666666666652,7,2024
2024-08-01,26.73,24.83,-0.5,-0.1039999999999992,-0.2700000000000031,-0.16600000000000392,8,2024
2024-09-01,26.45,24.71,-0.59,-0.2773333333333312,-0.22099999999999653,0.05633333333333468,9,2024
2024-10-01,26.44,24.82,-0.44,-0.23300000000000054,-0.13266666666666893,0.10033333333333161,10,2024
2024-11-01,26.45,24.94,-0.41,-0.17766666666666708,-0.09566666666666634,0.08200000000000074,11,2024
2024-12-01,26.0,24.83,-0.92,-0.5609999999999999,-0.3710000000000022,0.18999999999999773,12,2024
2025-01-01,25.8,25.36,-0.9,-0.7523333333333326,-0.3066666666666684,0.4456666666666642,1,2025
2025-02-01,26.32,26.42,-0.53,-0.42166666666666686,0.011666666666666714,0.43333333333333357,2,2025
2025-03-01,27.29,27.65,0.04,0.055333333333333456,0.49199999999999733,0.43666666666666387,3,2025
2025-04-01,27.68,27.63,0.25,-0.029666666666667396,0.1490000000000009,0.1786666666666683,4,2025
2025-05-01,27.8,27.12,0.34,-0.012000000000000455,-0.038000000000000256,-0.0259999999999998,5,2025
2025-06-01,27.66,26.54,0.31,0.06899999999999906,0.038333333333333997,-0.030666666666665066,6,2025
2025-07-01,27.15,25.79,0.05,-0.028666666666669727,0.10066666666666535,0.12933333333333508,7,2025
2025-08-01,26.49,24.87,-0.21,-0.3440000000000012,-0.23000000000000043,0.11400000000000077,8,2025
2025-09-01,26.25,24.4,-0.4,-0.4773333333333305,-0.5309999999999988,-0.053666666666668306,9,2025
2025-10-01,26.22,24.57,-0.29,-0.45300000000000296,-0.38266666666666893,0.07033333333333402,10,2025
2025-11-01,26.01,24.47,-0.33,-0.6176666666666648,-0.5656666666666688,0.05199999999999605,11,2025
2025-12-01,25.93,24.43,0.01,-0.6310000000000002,-0.7710000000000008,-0.14000000000000057,12,2025
